Animal_ID,Cohort,Treatment,Region ,FractalDimension(DB),Lacunarity,Density(pixels/area),SpanRatio,Circularity,NumberOfEndpoints,BranchLength(um),NumberBranches,body_area,cell_area_C,body_perimeter,cell_perim_C
1:01,1,Control,2,1.5274,0.4851,0.0806,1.0428,0.8645,52,902.215,121,285,285,37.467,37
1:01,1,Control,2,1.5618,0.3243,0.085,1.0434,0.8609,67,1019.026,135,591.3333333,591,75.94,76
1:01,1,Control,1,1.4206,0.734,0.0408,1.1217,0.8571,62,1104.021,113,526.6666667,527,68.539,69
1:01,1,Control,2,1.6159,0.3156,0.0949,1.169,0.9131,92,1473.047,205,597.3333333,597,84.343,84
1:01,1,Control,3,1.4808,0.4498,0.0544,1.1761,0.825,62,875.1526667,131,630.3333333,630,70.76433333,71
1:01,1,Control,2,1.6252,0.3006,0.0908,1.1762,0.9187,94,1562.526333,209,487,487,52.26966667,52
1:01,1,Control,3,1.3934,0.5117,0.0494,1.1954,0.8344,56,767.5136667,122,1462,1462,90.93933333,91
1:01,1,Control,3,1.4705,0.5043,0.0549,1.2091,0.8355,54,924.169,112,540,540,64.97233333,65
1:01,1,Control,1,1.5807,0.3667,0.101,1.2813,0.8692,58,818.6666667,123,430.6666667,431,62.721,63
1:01,1,Control,3,1.5465,0.3372,0.0755,1.2884,0.9146,60,1032.187667,129,741.6666667,742,96.87566667,97
1:01,1,Control,3,1.566,0.3606,0.0871,1.3166,0.8539,83,1066.548,163,417.6666667,418,58.142,58
1:01,1,Control,3,1.5548,0.3999,0.0709,1.4185,0.775,87,1371.533,184,539,539,82.972,83
1:01,1,Control,3,1.3715,0.7927,0.0408,1.4399,0.6765,52,788.5476667,99,464,464,66.27666667,66
1:01,1,Control,1,1.3887,0.7278,0.0466,1.4543,0.7477,51,901.687,118,191.3333333,191,31.98333333,32
1:01,1,Control,3,1.5488,0.3871,0.079,1.4812,0.8786,84,1205.513667,168,360.6666667,361,50.673,51
1:01,1,Control,1,1.3461,0.6806,0.0352,1.4871,0.7617,43,769.855,93,471.3333333,471,51.90166667,52
1:01,1,Control,1,1.5935,0.3552,0.102,1.5011,0.8556,48,815.703,119,322.6666667,323,54.28733333,54
1:01,1,Control,3,1.4659,0.4649,0.057,1.5126,0.7413,60,839.7033333,117,741.6666667,742,106.25,106
1:01,1,Control,1,1.5107,0.416,0.055,1.5186,0.7904,47,851.1256667,86,399,399,52.42133333,52
1:01,1,Control,1,1.5498,0.3571,0.0703,1.5892,0.7564,70,1302.587333,132,291.6666667,292,40.41333333,40
1:01,1,Control,2,1.4945,0.4718,0.0619,1.655,0.7974,97,1291.221333,210,715.6666667,716,91.15666667,91
1:01,1,Control,1,1.5036,0.385,0.0737,1.7033,0.8335,44,739.102,98,490.3333333,490,59.857,60
1:01,1,Control,2,1.5067,0.5102,0.0883,1.8348,0.8079,51,1012.887,153,405.6666667,406,65.349,65
1:01,1,Control,2,1.5355,0.3767,0.0724,1.8547,0.8241,104,1477.925333,230,610.3333333,610,79.88733333,80
1:01,1,Control,2,1.5412,0.5395,0.0744,1.993,0.7173,46,940.0136667,98,442,442,62.94666667,63
1:01,1,Control,2,1.5709,0.3535,0.0941,2.1481,0.7688,66,1063.303667,146,481.3333333,481,57.398,57
1:01,1,Control,1,1.4956,0.4259,0.0686,2.8231,0.5699,44,824.4046667,81,286.6666667,287,38.60266667,39
1:05,1,Control,1,1.5296,0.4274,0.0755,1.0633,0.817,68,1017.368667,162,492.3333333,492,70.545,71
1:05,1,Control,1,1.3711,0.7441,0.0373,1.0848,0.7079,68,961.1246667,140,440,440,53.74833333,54
1:05,1,Control,3,1.6141,0.2955,0.1027,1.1195,0.9206,64,870.6136667,134,508.6666667,509,65.588,66
1:05,1,Control,3,1.5147,0.4194,0.0685,1.168,0.8771,85,1307.922,183,552.3333333,552,59.28833333,59
1:05,1,Control,2,1.536,0.374,0.0804,1.1734,0.8537,80,1145.104333,170,506.6666667,507,62.608,63
1:05,1,Control,1,1.5737,0.3415,0.0869,1.1811,0.8783,128,1485.504,258,266,266,37.71366667,38
1:05,1,Control,3,1.5986,0.3212,0.095,1.2834,0.8763,68,956.512,139,303,303,39.72333333,40
1:05,1,Control,1,1.5638,0.4124,0.0722,1.3277,0.8797,69,956.4903333,179,421,421,50.49733333,50
1:05,1,Control,2,1.5151,0.4142,0.0721,1.349,0.855,61,900.4946667,129,374.6666667,375,45.56066667,46
1:05,1,Control,2,1.477,0.4412,0.0681,1.3641,0.8123,56,1054.615,125,388.3333333,388,44.19566667,44
1:05,1,Control,1,1.5423,0.3486,0.0827,1.3674,0.8401,49,723.581,91,405.3333333,405,49.04433333,49
1:05,1,Control,2,1.5198,0.4169,0.0738,1.3968,0.6879,82,1102.044,177,348.6666667,349,48.10733333,48
1:05,1,Control,1,1.4252,0.4955,0.0448,1.4072,0.7912,69,956.4903333,143,412.6666667,413,54.699,55
1:05,1,Control,3,1.5868,0.3604,0.0973,1.4102,0.8629,70,1004.646,148,327.3333333,327,47.65933333,48
1:05,1,Control,1,1.5276,0.546,0.0618,1.4165,0.8331,68,961.1246667,143,414,414,47.026,47
1:05,1,Control,2,1.572,0.3098,0.0986,1.4353,0.8583,73,948.331,151,429,429,51.16733333,51
1:05,1,Control,3,1.4943,0.4145,0.0788,1.4382,0.767,56,858.975,123,475.3333333,475,53.30066667,53
1:05,1,Control,2,1.4421,0.5077,0.0658,1.5736,0.7714,55,785.2223333,111,264.6666667,265,41.29666667,41
1:05,1,Control,3,1.6,0.3267,0.1009,1.6111,0.8641,64,918.443,141,564,564,75.04866667,75
1:05,1,Control,3,1.6036,0.362,0.1005,1.6359,0.8557,67,979.418,135,405.6666667,406,46.45033333,46
1:05,1,Control,2,1.5094,0.5126,0.0658,1.6539,0.8434,91,1483.511667,207,332,332,45.57166667,46
1:05,1,Control,3,1.564,0.3747,0.0834,1.6759,0.7724,109,1549.907333,137,795.6666667,796,91.291,91
1:05,1,Control,1,1.5444,0.3673,0.0853,1.69,0.8099,87,1257.774667,179,434,434,66.826,67
1:05,1,Control,2,1.4448,0.5102,0.0504,1.7724,0.8069,74,1096.283,164,411,411,54.86733333,55
1:05,1,Control,2,1.4717,0.3953,0.0637,1.9519,0.7744,69,1143.852,151,342.3333333,342,42.484,42
1:05,1,Control,3,1.4939,0.416,0.0715,1.9543,0.7757,73,1132.812667,157,477,477,50.66733333,51
1:05,1,Control,1,1.4878,0.4283,0.0701,2.9578,0.6135,75,1010.717333,158,339,339,53.74733333,54
1:06,1,Control,3,1.467,0.5149,0.0601,1.1811,0.6996,65,848.4226667,137,534.6666667,535,58.74833333,59
1:06,1,Control,1,1.3204,0.3665,0.0227,1.1847,0.7798,62,861.0053333,116,404.3333333,404,55.82466667,56
1:06,1,Control,1,1.3033,0.2637,0.0227,1.185,0.7872,52,826.2166667,105,467.3333333,467,51.09933333,51
1:06,1,Control,1,1.4334,0.6655,0.0451,1.2159,0.7956,62,986.498,134,842,842,124.108,124
1:06,1,Control,1,1.5133,0.3912,0.0831,1.2255,0.8254,52,788.1913333,103,454,454,58.132,58
1:06,1,Control,2,1.4179,0.7592,0.0407,1.235,0.7689,46,940.0136667,98,1031.333333,1031,89.288,89
1:06,1,Control,2,1.431,0.4529,0.0633,1.2676,0.8763,43,610.678,84,479.3333333,479,55.721,56
1:06,1,Control,2,1.4476,0.4263,0.0629,1.3243,0.884,39,666.0166667,77,320.3333333,320,44.02866667,44
1:06,1,Control,3,1.5461,0.3893,0.0867,1.3294,0.874,45,814.6153333,92,301.3333333,301,45.17133333,45
1:06,1,Control,3,1.5196,0.3839,0.0706,1.3574,0.889,71,1387.065,169,446,446,61.31433333,61
1:06,1,Control,2,1.5391,0.3627,0.075,1.3649,0.8341,50,993.8233333,116,363.6666667,364,42.09933333,42
1:06,1,Control,3,1.4721,0.4662,0.0566,1.3675,0.8058,58,855.856,116,338,338,40.315,40
1:06,1,Control,3,1.2699,0.99,0.0306,1.3701,0.7245,48,652.8013333,101,297.6666667,298,38.79,39
1:06,1,Control,1,1.4435,0.4587,0.0546,1.4268,0.7734,44,641.8093333,89,897.6666667,898,112.2156667,112
1:06,1,Control,2,1.4823,0.4233,0.0528,1.4341,0.8356,52,960.8866667,108,598.6666667,599,60.05133333,60
1:06,1,Control,2,1.50995,0.3767,0.0758,1.4524,0.8769,50,814.9716667,103,459,459,60.514,61
1:06,1,Control,3,1.4978,0.4399,0.0533,1.5799,0.7503,84,1170.503333,183,477,477,61.34766667,61
1:06,1,Control,3,1.3867,0.5919,0.0385,1.6265,0.7296,57,787.66,111,351,351,46.76633333,47
1:06,1,Control,1,1.6167,0.3118,0.0989,1.6871,0.8456,59,852.361,116,402,402,50.27166667,50
1:06,1,Control,1,1.4953,0.4027,0.0762,1.6886,0.8369,39,625.2256667,72,363.6666667,364,59.192,59
1:06,1,Control,2,1.4435,0.3842,0.0589,1.694,0.7561,45,784.8676667,90,392,392,46.54066667,47
1:06,1,Control,3,1.565,0.3702,0.0858,1.7382,0.768,70,1251.767333,165,485.6666667,486,74.05033333,74
1:06,1,Control,1,1.3292,0.785,0.0398,1.7647,0.7401,54,738.4953333,104,505.6666667,506,74.56533333,75
1:06,1,Control,1,1.4978,0.3592,0.0723,1.7928,0.7786,45,844.4683333,93,476.6666667,477,59.369,59
1:06,1,Control,2,1.3375,0.6614,0.033,1.9899,0.6153,34,500.8786667,68,290.3333333,290,42.65733333,43
1:06,1,Control,2,1.401,0.4151,0.0779,1.996,0.657,45,594.4056667,81,319.3333333,319,51.181,51
1:06,1,Control,3,1.451,0.4185,0.0798,2.0694,0.7641,36,532.5893333,67,504.3333333,504,55.22366667,55
1:07,1,Control,3,1.4814,0.5983,0.0555,NA,0.9258,88,1286.160333,182,381.6666667,382,48.863,49
1:07,1,Control,3,1.502,0.4929,0.0659,1.1137,0.868,63,889.7693333,131,494.6666667,495,53.99233333,54
1:07,1,Control,2,1.5652,0.3621,0.0872,1.1294,0.8887,79,1075.703,170,842,842,72.672,73
1:07,1,Control,1,1.7869,0.1613,0.0901,1.1847,0.7968,104,1586.737667,229,682.3333333,682,73.41533333,73
1:07,1,Control,1,1.5778,0.3458,0.0966,1.2318,0.9063,80,1007.618,174,366.6666667,367,45.05633333,45
1:07,1,Control,1,1.5162,0.4346,0.065,1.2734,0.7798,107,1171.28,211,548.3333333,548,67.73266667,68
1:07,1,Control,1,1.4299,0.4081,0.0524,1.3207,0.8154,44,806.8903333,97,474.6666667,475,63.17,63
1:07,1,Control,3,1.4871,0.4464,0.0681,1.3208,0.779,59,799.1806667,120,442,442,57.091,57
1:07,1,Control,1,1.4245,0.6745,0.038,1.4003,0.7758,60,847.1713333,146,517.6666667,518,60.189,60
1:07,1,Control,2,1.5729,0.3636,0.0763,1.4158,0.855,106,1597.477333,223,522.6666667,523,79.59,80
1:07,1,Control,2,1.5323,0.3878,0.0954,1.4236,0.8827,52,777.6503333,106,277.6666667,278,40.73066667,41
1:07,1,Control,3,1.4565,0.4037,0.081,1.4269,0.871,54,609.6,117,461.6666667,462,53.21866667,53
1:07,1,Control,2,1.4038,0.6033,0.0439,1.4387,0.8297,55,817.928,115,253.3333333,253,36.23833333,36
1:07,1,Control,1,1.4982,0.5329,0.06,1.466,0.7896,83,1302.476333,188,345.6666667,346,44.17066667,44
1:07,1,Control,3,1.5155,0.4031,0.0648,1.4871,0.7718,67,1003.753333,141,315,315,54.54833333,55
1:07,1,Control,3,1.4303,0.6754,0.045,1.5522,0.8265,84,1262.678,171,506.6666667,507,57.30666667,57
1:07,1,Control,2,1.5998,0.3323,0.0975,1.6032,0.8338,75,1100.895333,159,399.3333333,399,51.898,52
1:07,1,Control,2,1.5697,0.4066,0.0666,1.6835,0.6876,67,1219.848,176,422,422,57.30366667,57
1:07,1,Control,3,1.5485,0.3328,0.085,1.7466,0.833,47,867.19,96,452.6666667,453,51.865,52
1:07,1,Control,3,1.5822,0.3527,0.0953,1.7594,0.7542,73,1192.548333,166,580.3333333,580,64.65166667,65
1:07,1,Control,2,1.5175,0.3521,0.0775,1.7834,0.7902,49,848.5553333,96,712.3333333,712,78.77433333,79
1:07,1,Control,2,1.5288,0.4307,0.0679,1.802,0.8117,114,1501.227333,244,595.6666667,596,65.94666667,66
1:07,1,Control,2,1.5122,0.4318,0.0532,1.8267,0.6859,57,897.4996667,132,571.6666667,572,79.67266667,80
1:07,1,Control,1,1.5416,0.4048,0.0626,1.9947,0.7585,79,847.1713333,165,294,294,39.77333333,40
1:07,1,Control,1,1.51,0.4022,0.0565,1.9969,0.6551,50,823.8876667,101,301,301,41.99533333,42
1:07,1,Control,3,1.5805,0.4029,0.0786,2.1438,0.6628,89,1310.796333,206,432.6666667,433,60.249,60
1:07,1,Control,1,1.4828,0.4719,0.0609,2.7065,0.6496,98,1126.637333,188,509,509,66.587,67
1:08,1,Control,1,1.5133,0.3811,0.0666,1.1475,0.846,64,1238.028667,141,429,429,49.29966667,49
1:08,1,Control,1,1.7799,0.1886,0.0874,1.1848,0.8085,73,1074.3,154,402.3333333,402,48.861,49
1:08,1,Control,1,1.7762,0.1954,0.0858,1.1848,0.8067,87,1200.864333,192,443,443,50.55133333,51
1:08,1,Control,1,1.7704,0.1959,0.0849,1.185,0.7882,71,948.0656667,137,344.3333333,344,42.348,42
1:08,1,Control,3,1.5058,0.5687,0.0629,1.2371,0.8394,73,1213.044667,157,570.6666667,571,56.20166667,56
1:08,1,Control,2,1.4536,0.5104,0.0448,1.2391,0.8706,71,956.5093333,153,624.6666667,625,87.71233333,88
1:08,1,Control,2,1.4805,0.5053,0.0486,1.2443,0.886,82,1171.801333,176,483,483,51.99433333,52
1:08,1,Control,1,1.4984,0.4473,0.0493,1.2457,0.7908,71,956.5093333,153,542.6666667,543,64.30366667,64
1:08,1,Control,3,1.5739,0.3329,0.0775,1.2665,0.8658,82,1299.737667,172,631,631,61.96366667,62
1:08,1,Control,2,1.4694,0.5541,0.0547,1.2678,0.8314,85,1303.566667,179,556.3333333,556,67.425,67
1:08,1,Control,3,1.4459,0.5042,0.0587,1.325,0.8927,62,751.5573333,124,378.3333333,378,46.172,46
1:08,1,Control,2,1.3692,0.9858,0.0363,1.3293,0.7019,64,1248.503,177,467,467,61.85933333,62
1:08,1,Control,3,1.4756,0.4554,0.0524,1.3647,0.7592,76,1106.225,151,461,461,61.40333333,61
1:08,1,Control,1,1.4751,0.4462,0.0604,1.3697,0.8084,75,1393.702333,179,390.6666667,391,51.76166667,52
1:08,1,Control,2,1.485,0.4395,0.059,1.3792,0.7626,52,923.0966667,120,387,387,46.56566667,47
1:08,1,Control,2,1.5639,0.3271,0.0753,1.3974,0.8435,76,1272.546333,171,663.6666667,664,68.97866667,69
1:08,1,Control,3,1.5266,0.4477,0.0783,1.4987,0.748,68,1085.75,164,640.6666667,641,70.71333333,71
1:08,1,Control,3,1.6161,0.3342,0.1235,1.5002,0.8518,61,771.5833333,127,318.3333333,318,47.89333333,48
1:08,1,Control,3,1.4172,0.4432,0.0708,1.5289,0.8468,40,588.3866667,76,394.6666667,395,46.326,46
1:08,1,Control,1,1.5428,0.3156,0.0787,1.5328,0.8489,76,1217.005333,165,667.6666667,668,72.98266667,73
1:08,1,Control,2,1.5266,0.4515,0.0716,1.5598,0.7642,78,1107.373,166,279,279,38.72033333,39
1:08,1,Control,3,1.421,0.5338,0.0533,1.58,0.8165,77,1055.059,160,513,513,72.47,72
1:08,1,Control,2,1.5461,0.3956,0.0841,1.5937,0.836,85,1281.948667,200,548.3333333,548,66.06033333,66
1:08,1,Control,1,1.4705,0.5191,0.0682,1.7848,0.736,51,775.105,108,423,423,46.235,46
1:08,1,Control,3,1.5548,0.3775,0.0896,1.8201,0.8005,55,891.1586667,108,377.6666667,378,46.88633333,47
1:08,1,Control,2,1.5539,0.3719,0.0811,1.929,0.7969,93,1274.13,213,379.3333333,379,51.95466667,52
1:08,1,Control,1,1.4923,0.505,0.0651,2.3727,0.6844,55,954.5086667,126,504.6666667,505,59.83133333,60
1:12,1,PLX,1,1.4759,0.3735,0.0855,1.0549,0.9052,35,517.616,78,809.3333333,809,98.11033333,98
1:12,1,PLX,1,1.3765,0.7074,0.0593,1.0887,0.8761,41,576.0676667,94,401,401,58.98933333,59
1:12,1,PLX,3,1.5386,0.3224,0.0861,1.1082,0.8512,43,513.2223333,83,591.3333333,591,71.29233333,71
1:12,1,PLX,3,1.4503,0.4826,0.0627,1.1321,0.8392,30,464.2106667,54,147.6666667,148,33.853,34
1:12,1,PLX,1,1.7334,0.2308,0.0679,1.1848,0.8065,58,704.9313333,117,438.3333333,438,64.884,65
1:12,1,PLX,1,1.7263,0.2521,0.0654,1.185,0.7984,55,879.72,119,431.6666667,432,55.514,56
1:12,1,PLX,3,1.434,0.4558,0.068,1.2313,0.8643,25,476.649,51,432.6666667,433,57.19266667,57
1:12,1,PLX,3,1.4335,0.3511,0.085,1.2474,0.8077,16,337.42,31,563.3333333,563,69.91533333,70
1:12,1,PLX,2,1.4816,0.3493,0.0703,1.2503,0.8652,58,879.881,112,414,414,59.33333333,59
1:12,1,PLX,2,1.4981,0.4924,0.059,1.2739,0.8374,65,1027.307667,143,371.3333333,371,53.244,53
1:12,1,PLX,2,1.4274,0.592,0.0483,1.2963,0.7502,61,1073.435333,137,755,755,90.40533333,90
1:12,1,PLX,2,1.4284,0.4344,0.0669,1.3018,0.8459,48,584.5903333,105,569,569,72.54533333,73
1:12,1,PLX,3,1.4516,0.5147,0.067,1.3107,0.7667,50,555.4776667,106,731.6666667,732,78.30533333,78
1:12,1,PLX,2,1.5345,0.4263,0.0741,1.3112,0.8849,82,1275.161333,180,554.3333333,554,65.43833333,65
1:12,1,PLX,1,1.7845,0.3369,0.158,1.3336,0.7693,40,578.0033333,78,376,376,53.27866667,53
1:12,1,PLX,1,1.4726,0.4531,0.0672,1.3679,0.7814,51,664.1083333,105,693.3333333,693,67.28666667,67
1:12,1,PLX,3,1.5098,0.3673,0.0878,1.3751,0.7962,34,567.4203333,67,847,847,91.707,92
1:12,1,PLX,1,1.367,0.8243,0.0341,1.4093,0.7381,53,850.813,99,448,448,60.051,60
1:12,1,PLX,2,1.4329,0.3775,0.0606,1.4287,0.8659,57,803.21,108,762.3333333,762,78.835,79
1:12,1,PLX,2,1.4514,0.4011,0.0649,1.5137,0.855,53,826.4466667,116,360.3333333,360,55.55933333,56
1:12,1,PLX,1,1.4482,0.4694,0.0516,1.5254,0.7977,49,812.9833333,125,791.6666667,792,95.16666667,95
1:12,1,PLX,3,1.3549,0.7877,0.0317,1.6405,0.7237,48,703.4306667,91,735,735,87.606,88
1:12,1,PLX,1,1.4669,0.3129,0.0852,1.6828,0.8326,26,361.1866667,49,686.3333333,686,84.971,85
1:12,1,PLX,3,1.4868,0.4364,0.071,1.8299,0.7659,42,601.923,84,870,870,109.269,109
1:12,1,PLX,3,1.4093,0.4353,0.0797,1.8802,0.7297,32,405.9396667,67,571.6666667,572,66.33366667,66
1:12,1,PLX,2,1.4351,0.528,0.0517,1.9223,0.6297,41,567.3253333,81,582,582,65.52366667,66
1:12,1,PLX,2,1.5018,0.405,0.0774,2.3016,0.6041,38,637.2426667,86,688,688,82.826,83
1:13,1,PLX,3,1.4871,0.361,0.0928,1.0221,0.9054,30,429.2323333,63,970.3333333,970,106.865,107
1:13,1,PLX,2,1.4532,0.3952,0.083,1.1781,0.8221,22,343.668,49,342.6666667,343,43.91433333,44
1:13,1,PLX,3,1.3896,0.5322,0.0483,1.1833,0.7873,49,674.689,92,701,701,83.167,83
1:13,1,PLX,1,1.3863,0.4906,0.0521,1.2166,0.8726,35,558.7463333,68,360,360,48.1,48
1:13,1,PLX,3,1.485,0.3498,0.0799,1.2306,0.9177,33,535.8906667,64,536,536,74.32866667,74
1:13,1,PLX,1,1.5145,0.3556,0.0816,1.2454,0.8287,41,541.1523333,88,353.6666667,354,53.85133333,54
1:13,1,PLX,2,1.5331,0.3811,0.0935,1.2455,0.9095,53,657.5476667,111,817.6666667,818,90.23633333,90
1:13,1,PLX,1,1.4639,0.4052,0.068,1.2476,0.92,34,501.886,65,482,482,62.63666667,63
1:13,1,PLX,3,1.3224,0.5921,0.0449,1.2546,0.7241,29,475.8823333,56,441.6666667,442,57.91,58
1:13,1,PLX,1,1.4087,0.5486,0.0407,1.3019,0.7662,82,1049.118667,160,455.3333333,455,53.531,54
1:13,1,PLX,1,1.4369,0.4958,0.0782,1.3714,0.721,46,589.8183333,92,457.6666667,458,58.75666667,59
1:13,1,PLX,2,1.3701,0.5409,0.0571,1.483,0.7459,27,406.8606667,54,282.3333333,282,38.04933333,38
1:13,1,PLX,3,1.5166,0.4068,0.066,1.5301,0.7549,71,1019.365333,142,1032.333333,1032,131.069,131
1:13,1,PLX,3,1.4788,0.3351,0.0926,1.5314,0.7891,25,340.856,48,983.3333333,983,107.46,107
1:13,1,PLX,1,1.3443,0.4831,0.0561,1.5504,0.7974,28,383.9606667,55,345,345,47.298,47
1:13,1,PLX,2,1.5366,0.3491,0.098,1.5542,0.8142,38,582.5436667,86,512.3333333,512,65.64166667,66
1:13,1,PLX,3,1.4776,0.3815,0.0838,1.5567,0.8133,38,557.041,87,1135.333333,1135,110.0953333,110
1:13,1,PLX,1,1.4443,0.3831,0.0859,1.579,0.8132,27,371.4263333,54,318.3333333,318,51.62933333,52
1:13,1,PLX,2,1.3569,0.5842,0.0336,1.7394,0.519,26,424.2956667,48,430,430,53.25133333,53
1:13,1,PLX,1,1.5048,0.4278,0.0668,1.8017,0.6843,68,884.7476667,150,431.3333333,431,55.27966667,55
1:13,1,PLX,3,1.421,0.3611,0.0723,1.8196,0.8297,27,399.8576667,59,798,798,105.355,105
1:13,1,PLX,2,1.2281,0.7739,0.0237,1.8878,0.6337,20,375.4603333,44,660,660,75.243,75
1:13,1,PLX,3,1.3769,0.4594,0.0562,2.2096,0.6564,39,560.203,76,361.6666667,362,57.91966667,58
1:13,1,PLX,1,1.432,0.7962,0.1721,2.3934,0.6189,68,1002.212667,142,319,319,56.75233333,57
1:13,1,PLX,2,1.2304,0.7994,0.0178,2.4315,0.583,25,316.916,44,467,467,54.87166667,55
1:13,1,PLX,2,1.494,0.3442,0.0983,2.4671,0.6877,29,383.3076667,61,601,601,73.21866667,73
1:13,1,PLX,2,1.3579,0.6258,0.035,2.5448,0.5403,26,370.8216667,51,384,384,48.96866667,49
1:15,1,PLX,1,1.5463,0.3358,0.0816,1.1221,0.9521,77,1166.494333,172,1373.666667,1374,132.464,132
1:15,1,PLX,1,1.5457,0.3795,0.0846,1.1595,0.8969,53,797.888,131,895.3333333,895,101.3786667,101
1:15,1,PLX,3,1.1677,0.4971,0.011,1.1847,0.7798,12,245.614,21,755.6666667,756,83.90733333,84
1:15,1,PLX,1,1.2796,0.9194,0.0209,1.1848,0.7798,48,743.752,94,285,285,41.15433333,41
1:15,1,PLX,3,1.4981,0.3832,0.1065,1.2273,0.8795,35,371.2803333,72,693.6666667,694,84.74866667,85
1:15,1,PLX,3,1.3894,0.4982,0.048,1.3041,0.7282,29,484.2636667,52,828,828,86.27,86
1:15,1,PLX,1,1.4161,0.3913,0.0623,1.3158,0.8073,30,442.46,63,1268.666667,1269,130.3176667,130
1:15,1,PLX,2,1.4279,0.5548,0.0382,1.3605,0.7466,49,665.7306667,106,523,523,58.784,59
1:15,1,PLX,1,1.4707,0.6334,0.1701,1.3657,0.8084,55,826.7523333,108,431.3333333,431,60.03933333,60
1:15,1,PLX,1,1.4898,0.3925,0.0624,1.3829,0.8492,89,1122.435667,186,927,927,106.226,106
1:15,1,PLX,2,1.3547,0.5759,0.0406,1.413,0.8016,30,538.3036667,59,590,590,88.642,89
1:15,1,PLX,2,1.3898,0.4832,0.0602,1.5252,0.8119,37,487.085,79,631,631,77.60966667,78
1:15,1,PLX,1,1.3114,0.6533,0.0316,1.5855,0.751,35,497.614,60,525.3333333,525,82.57833333,83
1:15,1,PLX,2,1.4281,0.4883,0.0715,1.6091,0.818,27,371.979,51,372,372,49.89666667,50
1:15,1,PLX,3,1.1938,0.9612,0.0155,1.6337,0.8304,16,265.0596667,29,548.3333333,548,57.837,58
1:15,1,PLX,1,1.4151,0.5642,0.049,1.6511,0.6896,39,623.8386667,77,491.3333333,491,61.28433333,61
1:15,1,PLX,3,1.4568,0.3821,0.0767,1.671,0.8037,20,377.2593333,41,498,498,57.94233333,58
1:15,1,PLX,3,1.3996,0.4862,0.0631,1.7192,0.7502,23,390.53,41,313,313,46.205,46
1:15,1,PLX,2,1.3746,0.788,0.0406,1.7194,0.6637,47,719.5813333,91,493.6666667,494,61.91333333,62
1:15,1,PLX,2,1.4562,0.4115,0.1083,1.7672,0.7887,20,261.725,42,650,650,67.518,68
1:15,1,PLX,3,1.4738,0.5955,0.2821,1.9136,0.6816,30,390.4163333,64,830.3333333,830,117.3206667,117
1:15,1,PLX,3,1.5217,0.3465,0.0845,1.9897,0.7321,29,454.262,56,392.3333333,392,47.56233333,48
1:15,1,PLX,1,1.39,0.5221,0.0592,2.0166,0.7144,62,891.4453333,131,604.6666667,605,76.12266667,76
1:15,1,PLX,2,1.348,0.4645,0.0365,2.057,0.6455,26,460.5256667,51,448.3333333,448,61.67266667,62
1:15,1,PLX,2,1.3833,0.6118,0.0608,2.1101,0.5855,27,449.377,62,999.3333333,999,87.51433333,88
1:15,1,PLX,2,1.4263,0.4343,0.0739,2.1218,0.655,22,360.9306667,44,1380.333333,1380,140.4223333,140
1:15,1,PLX,3,1.4828,0.5382,0.288,2.228,0.742,29,340.0466667,60,728,728,86.24433333,86
1:16,1,PLX,2,1.4761,0.3592,0.1028,1.0528,0.8945,23,261.1413333,42,275.6666667,276,38.38966667,38
1:16,1,PLX,3,1.5248,0.3106,0.1094,1.074,0.8613,25,369.5106667,58,761.6666667,762,73.109,73
1:16,1,PLX,1,1.4329,0.5428,0.062,1.1399,0.8638,45,674.4096667,92,464.3333333,464,63.06733333,63
1:16,1,PLX,1,1.3936,0.6058,0.0429,1.1602,0.7869,78,751.2513333,139,505.6666667,506,58.19266667,58
1:16,1,PLX,3,1.4394,0.3895,0.098,1.2,0.7974,20,247.0753333,41,526,526,69.21,69
1:16,1,PLX,3,1.3626,0.478,0.0575,1.2563,0.7799,18,332.144,36,425.3333333,425,47.079,47
1:16,1,PLX,3,1.3681,0.4862,0.0599,1.2606,0.8735,29,440.531,61,511.3333333,511,74.67733333,75
1:16,1,PLX,2,1.2604,0.99,0.0318,1.2764,0.6961,44,660.8643333,74,791,791,87.186,87
1:16,1,PLX,3,1.262,0.9597,0.0215,1.2847,0.826,51,723.1026667,97,822.3333333,822,87.027,87
1:16,1,PLX,2,1.2938,0.99,0.0284,1.3251,0.7759,58,923.691,115,364,364,49.086,49
1:16,1,PLX,1,1.5052,0.345,0.0962,1.3294,0.8605,34,473.4966667,70,433.3333333,433,51.711,52
1:16,1,PLX,1,1.3392,0.6539,0.0416,1.3347,0.8435,40,633.4363333,84,790.3333333,790,69.948,70
1:16,1,PLX,3,1.5207,0.3831,0.084,1.3614,0.7331,49,696.4876667,97,537,537,67.78066667,68
1:16,1,PLX,2,1.4497,0.4617,0.0679,1.3688,0.8559,34,517.544,66,328.6666667,329,44.18233333,44
1:16,1,PLX,2,1.4316,0.4759,0.0577,1.4091,0.8003,44,660.8643333,74,1147,1147,93.815,94
1:16,1,PLX,1,1.3918,0.511,0.0464,1.5328,0.6445,40,587.9083333,78,555.3333333,555,70.333,70
1:16,1,PLX,1,1.3155,0.7258,0.0337,1.542,0.7755,47,532.8033333,88,666,666,75.853,76
1:16,1,PLX,1,1.4936,0.4162,0.0768,1.6296,0.7726,55,997.421,125,396.3333333,396,47.85466667,48
1:16,1,PLX,1,1.4017,0.4717,0.0495,1.6483,0.7318,41,761.5763333,81,709,709,90.41833333,90
1:16,1,PLX,3,1.5109,0.3637,0.073,1.6885,0.788,28,524.3416667,57,541,541,68.47233333,68
1:16,1,PLX,1,1.4799,0.4125,0.077,1.6922,0.8191,45,827.1616667,101,358,358,54.77333333,55
1:16,1,PLX,2,1.1919,0.771,0.0227,1.8174,0.6955,47,532.8033333,88,569.6666667,570,76.75433333,77
1:16,1,PLX,3,1.5052,0.4156,0.0964,1.9066,0.7922,29,494.4946667,79,689.3333333,689,75.65066667,76
1:16,1,PLX,2,1.4677,0.4122,0.0705,1.9084,0.7519,47,687.9063333,98,503.3333333,503,74.51166667,75
1:16,1,PLX,3,1.3331,0.5002,0.031,1.9795,0.6207,26,338.138,49,455,455,62.166,62
1:16,1,PLX,2,1.451,0.464,0.0679,1.9849,0.7768,45,594.4056667,81,394,394,56.334,56
1:16,1,PLX,2,1.4694,0.4778,0.0549,2.0192,0.6288,51,725.4586667,107,1245.666667,1246,117.1266667,117
2:01,2,Control,1,1.4173,0.2335,0.0695,1.0976,0.8396,117,1590.877,254,497.3333333,497,67.18966667,67
2:01,2,Control,1,1.4399,0.2294,0.0798,1.1019,0.9072,129,1730.803333,289,449,449,51.793,52
2:01,2,Control,3,1.4579,0.2266,0.0944,1.1063,0.906,129,1635.408333,308,1064.666667,1065,90.61566667,91
2:01,2,Control,3,1.42,0.2112,0.0714,1.1221,0.8334,118,1608.731,272,772.6666667,773,77.27766667,77
2:01,2,Control,2,1.5217,0.3917,0.0806,1.1926,0.8126,57,707.296,123,1739.666667,1740,161.0836667,161
2:01,2,Control,1,1.4094,0.2473,0.0678,1.194,0.907,110,1415.350333,226,459.6666667,460,54.834,55
2:01,2,Control,2,1.5314,0.3715,0.0636,1.2363,0.8893,84,1121.549333,185,569.6666667,570,73.504,74
2:01,2,Control,2,1.5704,0.471,0.0781,1.2457,0.847,108,1572.963333,250,740,740,86.77066667,87
2:01,2,Control,1,1.4237,0.2319,0.0844,1.2897,0.8901,88,1189.087,190,396,396,55.378,55
2:01,2,Control,2,1.4913,0.3731,0.0648,1.3486,0.7796,65,947.072,165,1415,1415,128.3856667,128
2:01,2,Control,3,1.5883,0.319,0.0846,1.3644,0.8986,61,866.496,151,865.3333333,865,91.99933333,92
2:01,2,Control,3,1.4152,0.2604,0.0724,1.4384,0.8176,76,1066.093333,176,1704,1704,173.4046667,173
2:01,2,Control,2,1.5145,0.416,0.056,1.4441,0.6691,74,977.952,165,474.6666667,475,50.82266667,51
2:01,2,Control,1,1.601,0.3268,0.0819,1.4603,0.8512,125,1798.368,352,632.3333333,632,69.09033333,69
2:01,2,Control,1,1.4676,0.4685,0.0621,1.4692,0.8019,52,506.336,98,528.6666667,529,59.33666667,59
2:01,2,Control,1,1.385,0.2516,0.0824,1.4746,0.8803,83,822.855,160,443.3333333,443,56.17233333,56
2:01,2,Control,3,1.4461,0.2518,0.081,1.4796,0.8524,130,1730.999333,297,550.3333333,550,64.036,64
2:01,2,Control,3,1.4814,0.2183,0.1005,1.5234,0.8496,159,1763.774,334,795.3333333,795,92.28066667,92
2:01,2,Control,3,1.5475,0.375,0.0819,1.5243,0.8377,48,743.904,107,744.3333333,744,66.80666667,67
2:01,2,Control,2,1.463,0.4427,0.0739,1.5352,0.8132,54,751.844,133,633,633,78.29566667,78
2:01,2,Control,2,1.5168,0.413,0.0765,1.5466,0.8565,102,1200.128,233,302,302,42.01933333,42
2:01,2,Control,2,1.4819,0.4172,0.0812,1.5837,0.8164,49,625.376,112,642.6666667,643,64.70733333,65
2:01,2,Control,1,1.4144,0.2456,0.0723,1.6013,0.7941,165,1973.854667,334,765.3333333,765,85.89,86
2:01,2,Control,1,1.5721,0.3274,0.0934,1.6184,0.8436,66,819.3286667,152,453,453,51.06866667,51
2:01,2,Control,3,1.4814,0.2169,0.0963,1.6312,0.8305,129,1560.377667,273,926.3333333,926,125.958,126
2:01,2,Control,2,1.4999,0.3464,0.0715,1.8719,0.7981,56,676.8246667,111,542,542,61.35166667,61
2:01,2,Control,3,1.4707,0.5499,0.0832,2.9631,0.5314,71,852.448,197,767.6666667,768,74.613,75
2:02,2,Control,2,1.4149,0.2522,0.0917,1.227,0.8475,59,772.8193333,121,801.3333333,801,83.87833333,84
2:02,2,Control,3,1.556,0.2996,0.0833,1.2556,0.8413,56,736.6503333,113,751.6666667,752,91.399,91
2:02,2,Control,3,1.3974,NA,0.0833,1.2556,0.8413,78,1318.044667,168,493,493,54.67866667,55
2:02,2,Control,1,1.4508,0.2158,0.0975,1.282,0.8908,117,1602.843,274,1179.333333,1179,98.47933333,98
2:02,2,Control,1,1.4508,0.2158,0.0975,1.282,0.8908,85,1318.66,211,869.3333333,869,83.36733333,83
2:02,2,Control,1,1.5365,0.4681,0.08,1.3727,0.8276,66,918.6443333,169,757.6666667,758,70.75866667,71
2:02,2,Control,1,1.6019,0.3449,0.0974,1.3804,0.8819,63,838.6046667,144,517,517,59.66066667,60
2:02,2,Control,2,1.4268,0.2314,0.0795,1.461,0.8372,84,1126.069667,185,758.6666667,759,89.99833333,90
2:02,2,Control,3,1.4868,0.2138,0.1085,1.4975,0.8515,98,1366.885333,245,525.3333333,525,57.03533333,57
2:02,2,Control,1,1.4744,0.3853,0.0975,1.5187,0.7777,26,359.6433333,59,891.6666667,892,102.999,103
2:02,2,Control,2,1.357,0.2775,0.0843,1.5782,0.8419,52,726.0066667,111,1284.666667,1285,136.1516667,136
2:02,2,Control,2,1.6374,0.2918,0.1057,1.6134,0.8273,75,930.8526667,164,796.3333333,796,77.557,78
2:02,2,Control,2,1.4723,0.2015,0.1057,1.6134,0.8273,48,722.782,129,636.3333333,636,69.41833333,69
2:02,2,Control,3,1.4753,0.2264,0.076,1.6298,0.7657,163,1692.838667,318,695.6666667,696,74.83666667,75
2:02,2,Control,3,1.5778,0.3108,0.1018,1.7039,0.7728,42,578.9223333,84,805.6666667,806,95.31233333,95
2:02,2,Control,3,1.4354,0.2226,0.1018,1.7039,0.7728,118,1416.456,235,414.3333333,414,57.141,57
2:02,2,Control,3,1.2966,0.9986,0.0271,1.7533,0.6227,37,514.2256667,75,965.3333333,965,119.7676667,120
2:02,2,Control,3,1.3255,0.3263,0.0271,1.7533,0.6227,77,929.4353333,166,665.3333333,665,70.55466667,71
2:02,2,Control,3,1.4473,0.2435,0.1076,1.804,0.8407,77,1163.612,192,626,626,66.483,66
2:02,2,Control,1,1.4478,0.2381,0.0943,1.8494,0.8223,111,1445.468333,240,593.3333333,593,87.873,88
2:02,2,Control,1,1.4478,0.2381,0.0943,1.8494,0.8223,106,1283.064333,232,689,689,75.81033333,76
2:02,2,Control,1,1.4486,0.2225,0.089,1.9218,0.8026,150,2203.524333,351,762.6666667,763,79.99,80
2:02,2,Control,1,1.4486,0.2225,0.089,1.9218,0.8026,108,1438.022333,268,392.6666667,393,52.138,52
2:02,2,Control,2,1.3469,0.311,0.035,2.0127,0.632,49,610.4503333,124,857.3333333,857,89.58366667,90
2:02,2,Control,2,1.4666,0.4645,0.0682,2.0677,0.6752,24,363.61,49,732.3333333,732,66.43366667,66
2:02,2,Control,2,1.3476,0.3241,0.0682,2.0677,0.6752,79,950.4646667,180,384,384,50.83433333,51
2:02,2,Control,2,1.3984,0.6369,0.0522,3.0318,0.4709,53,805.279,123,700,700,79.15033333,79
2:03,2,Control,3,1.4293,0.2427,0.075,1.0701,0.9067,139,1869.847,309,520.6666667,521,65.359,65
2:03,2,Control,1,1.4894,0.2219,0.1054,1.0724,0.9227,125,1448.241333,279,532.6666667,533,64.46066667,64
2:03,2,Control,1,1.4894,0.2219,0.1054,1.0724,0.9227,81,1071.818,189,523.3333333,523,60.61033333,61
2:03,2,Control,2,1.6191,0.3159,0.0905,1.1907,0.9328,112,1372.382333,236,541,541,73.845,74
2:03,2,Control,2,1.4425,0.2407,0.0905,1.1907,0.9328,88,1322.238333,225,529.6666667,530,62.39166667,62
2:03,2,Control,2,1.5295,0.3762,0.0573,1.2083,0.8094,80,953.7573333,163,949,949,105.7613333,106
2:03,2,Control,2,1.3774,0.2683,0.0573,1.2083,0.8094,89,1059.995667,191,707.6666667,708,74.44666667,74
2:03,2,Control,1,1.5766,0.3234,0.1058,1.2185,0.8309,73,958.799,159,633.6666667,634,60.56933333,61
2:03,2,Control,3,1.5781,0.3191,0.0791,1.2297,0.8412,100,1154.696,210,567.3333333,567,61.08833333,61
2:03,2,Control,3,1.4089,0.2444,0.0791,1.2297,0.8412,120,1404.584667,252,526.6666667,527,54.768,55
2:03,2,Control,1,1.4405,0.2494,0.0971,1.3077,0.8501,85,1120.996,204,534.6666667,535,69.44366667,69
2:03,2,Control,1,1.4405,0.2494,0.0971,1.3077,0.8501,105,1411.679333,250,674.6666667,675,68.58833333,69
2:03,2,Control,3,1.5551,0.4102,0.0638,1.3285,0.7945,81,1037.588,173,463,463,50.652,51
2:03,2,Control,3,1.4425,0.2358,0.0638,1.3285,0.7945,67,922.9786667,160,669.6666667,670,73.45933333,73
2:03,2,Control,2,1.6026,0.2936,0.0951,1.3463,0.8548,60,833.5556667,128,720.6666667,721,79.133,79
2:03,2,Control,2,1.4142,0.2418,0.0951,1.3463,0.8548,79,957.49,167,642,642,69.02966667,69
2:03,2,Control,3,1.4498,0.2216,0.1007,1.3724,0.9072,90,1151.987667,189,502.6666667,503,51.741,52
2:03,2,Control,3,1.3894,0.2557,0.0435,1.5737,0.6986,92,1138.148,194,829.6666667,830,81.083,81
2:03,2,Control,1,1.4043,0.3019,0.0659,1.6675,0.681,92,1067.144,204,820.3333333,820,105.0006667,105
2:03,2,Control,1,1.4043,0.3019,0.0659,1.6675,0.681,63,805.9873333,142,610.3333333,610,65.85166667,66
2:03,2,Control,1,1.519,0.3557,0.103,1.6747,0.8304,26,389.723,67,525.3333333,525,54.966,55
2:03,2,Control,3,1.5778,0.3108,0.1018,1.7039,0.7728,85,974.3853333,196,670,670,78.926,79
2:03,2,Control,2,1.4306,0.2366,0.0951,1.8652,0.7753,76,899.8943333,164,544,544,67.31033333,67
2:03,2,Control,3,1.4009,0.2857,0.0672,2.0778,0.6898,115,1367.714,246,454.6666667,455,58.36333333,58
2:03,2,Control,2,1.3783,0.2767,0.0506,2.1637,0.6683,87,999.0016667,180,759,759,82.014,82
2:03,2,Control,1,1.5311,0.3818,0.0896,2.2355,0.7519,49,543.6573333,107,982,982,91.20566667,91
2:03,2,Control,2,1.4182,0.2626,0.1003,2.2806,0.7112,71,852.35,149,486.3333333,486,55.34566667,55
2:04,2,Control,1,1.459,0.23,0.0876,1.1005,0.8564,154,1855.149333,332,1222,1222,126.126,126
2:04,2,Control,1,1.6423,0.4012,0.0844,1.1091,0.8948,174,2565.616333,430,531.3333333,531,57.26533333,57
2:04,2,Control,3,1.6381,0.2806,0.0948,1.1401,0.9276,102,1272.954,222,741.3333333,741,65.224,65
2:04,2,Control,3,1.3785,0.2794,0.0515,1.1927,0.7712,124,1727.178333,290,541.3333333,541,59.453,59
2:04,2,Control,1,1.646,0.2976,0.088,1.3347,0.8907,160,2293.575667,398,799.3333333,799,85.755,86
2:04,2,Control,3,1.461,0.2255,0.0742,1.3438,0.771,128,1691.431,303,746.3333333,746,80.80766667,81
2:04,2,Control,1,1.3881,0.3029,0.0584,1.3664,0.8711,92,1317.2,245,489.3333333,489,59.23266667,59
2:04,2,Control,1,1.4546,0.2254,0.0896,1.3839,0.8665,128,1754.826333,306,752.3333333,752,80.81333333,81
2:04,2,Control,3,1.4184,0.232,0.083,1.3955,0.8766,72,1042.481,179,652.6666667,653,67.535,68
2:04,2,Control,3,1.4622,0.2217,0.0902,1.3985,0.8725,111,1449.978,231,723.6666667,724,71.61666667,72
2:04,2,Control,2,1.5815,0.3815,0.0872,1.5177,0.8038,116,1212.431667,240,691.3333333,691,58.337,58
2:04,2,Control,1,1.4631,0.249,0.0845,1.5378,0.8377,130,1684.758667,309,532,532,55.71633333,56
2:04,2,Control,1,1.3931,0.2877,0.0612,1.5529,0.7535,66,816.586,156,651.6666667,652,72.16533333,72
2:04,2,Control,1,1.6634,0.3165,0.092,1.6083,0.8395,169,2140.848,369,550.3333333,550,53.749,54
2:04,2,Control,3,1.4243,0.2548,0.0939,1.6914,0.7886,55,914.035,160,762.6666667,763,88.188,88
2:04,2,Control,3,1.4398,0.2195,0.0839,1.726,0.8357,103,1468.863333,256,868,868,88.048,88
2:04,2,Control,2,1.6311,0.3288,0.1037,1.7299,0.829,116,1371.354333,284,559.6666667,560,56.64433333,57
2:04,2,Control,3,1.4595,0.2179,0.0944,1.8831,0.8026,124,1750.370333,296,668.6666667,669,58.74033333,59
2:04,2,Control,1,1.6369,0.2897,0.1032,1.9752,0.7732,118,1404.554667,263,434.3333333,434,46.66066667,47
2:04,2,Control,2,1.5195,0.4698,0.0863,1.99,0.7189,82,938.298,189,948,948,100.5543333,101
2:04,2,Control,3,1.4457,0.2196,0.079,2.1298,0.7435,139,1684.278667,307,1154.666667,1155,129.8586667,130
2:04,2,Control,2,NA,NA,NA,NA,NA,NA,NA,NA,NA,NA,NA,NA
2:04,2,Control,2,NA,NA,NA,NA,NA,NA,NA,NA,NA,NA,NA,NA
2:04,2,Control,2,NA,NA,NA,NA,NA,NA,NA,NA,NA,NA,NA,NA
2:04,2,Control,2,NA,NA,NA,NA,NA,NA,NA,NA,NA,NA,NA,NA
2:04,2,Control,2,NA,NA,NA,NA,NA,NA,NA,NA,NA,NA,NA,NA
2:04,2,Control,2,NA,NA,NA,NA,NA,NA,NA,NA,NA,NA,NA,NA
2:05,2,Control,3,1.5869,0.3464,0.0872,1.1265,0.873,81,1016.212,180,695,695,76.038,76
2:05,2,Control,3,1.4306,0.2529,0.0872,1.1265,0.873,43,620.7793333,91,800.3333333,800,78.06633333,78
2:05,2,Control,3,1.3761,0.2711,0.0685,1.1516,0.8537,52,753.9543333,141,846.6666667,847,106.9196667,107
2:05,2,Control,3,1.4626,0.2535,0.1077,1.1849,0.884,82,993.2593333,192,558.6666667,559,61.919,62
2:05,2,Control,1,1.4732,0.2206,0.0951,1.193,0.8713,139,1656.183333,307,1119.333333,1119,82.33566667,82
2:05,2,Control,1,1.4732,0.2206,0.0951,1.193,0.8713,149,1711.356,310,629.6666667,630,87.52666667,88
2:05,2,Control,3,1.6073,0.3234,0.0916,1.2046,0.8939,103,1183.551667,239,565.6666667,566,62.116,62
2:05,2,Control,3,1.4784,0.2072,0.0916,1.2046,0.8939,76,927.7136667,182,901.6666667,902,82.97233333,83
2:05,2,Control,1,1.4921,0.2178,0.1134,1.2165,0.8875,132,1658.181333,318,805.3333333,805,95.71266667,96
2:05,2,Control,1,1.4921,0.2178,0.1134,1.2165,0.8875,99,1214.879667,210,413.3333333,413,54.92133333,55
2:05,2,Control,1,1.5766,0.3234,0.1058,1.2185,0.8309,51,561.172,104,507,507,56.198,56
2:05,2,Control,2,1.4297,0.3029,0.0776,1.237,0.7618,69,891.3496667,167,574.6666667,575,61.03366667,61
2:05,2,Control,1,1.5796,0.3416,0.0893,1.3449,0.8852,67,830.1083333,152,470.6666667,471,53.277,53
2:05,2,Control,2,1.5691,0.3604,0.0802,1.3829,0.8113,97,1275.150667,225,655,655,79.051,79
2:05,2,Control,2,1.4362,0.2456,0.0802,1.3829,0.8113,69,964.0683333,149,554,554,56.03233333,56
2:05,2,Control,3,1.5203,0.4341,0.099,1.4635,0.8778,66,751.8623333,141,625.3333333,625,70.19766667,70
2:05,2,Control,3,1.4019,0.2455,0.0776,1.6637,0.7763,71,809.377,155,743.3333333,743,87.78766667,88
2:05,2,Control,1,1.6259,0.3141,0.0977,1.7011,0.838,83,1060.978333,184,400.3333333,400,49.25266667,49
2:05,2,Control,2,1.5976,0.3322,0.1052,1.7223,0.8262,77,877.0673333,166,1067.666667,1068,126.393,126
2:05,2,Control,2,1.4485,0.238,0.1052,1.7223,0.8262,90,1189.238,198,702.3333333,702,80.05,80
2:05,2,Control,2,1.5985,0.3861,0.0798,1.8151,0.7028,82,1023.359,191,762.3333333,762,79.27,79
2:05,2,Control,2,1.4623,0.2677,0.0798,1.8151,0.7028,31,450.2796667,73,773.3333333,773,92.89466667,93
2:05,2,Control,1,1.4368,0.2691,0.0816,1.8161,0.7327,97,1376.346333,258,748.3333333,748,85.26933333,85
2:05,2,Control,1,1.4368,0.2691,0.0816,1.8161,0.7327,139,1866.058,321,549.3333333,549,55.36333333,55
2:05,2,Control,2,1.4241,0.2817,0.0733,2.0934,0.6921,75,849.6403333,167,532.6666667,533,57.25566667,57
2:05,2,Control,3,1.4078,0.2715,0.0702,2.1149,0.6417,54,822.011,134,855,855,97.382,97
2:05,2,Control,2,1.3921,0.2625,0.0868,2.2177,0.7078,63,700.5476667,122,668.3333333,668,87.06466667,87
2:06,2,Control,3,1.393,0.2531,0.0736,1.0373,0.7921,88,1143.236667,179,914.3333333,914,99.81033333,100
2:06,2,Control,2,1.6406,0.3142,0.0884,1.0381,0.8685,117,1700.415333,271,1096.333333,1096,106.0766667,106
2:06,2,Control,3,1.4204,0.2308,0.0803,1.0684,0.8197,91,1203.721,188,736.6666667,737,63.633,64
2:06,2,Control,2,1.5843,0.3246,0.077,1.1257,0.8947,132,1481.381667,171,587.3333333,587,56.327,56
2:06,2,Control,3,1.4312,0.2127,0.0805,1.1901,0.8954,103,1468.863333,256,693.6666667,694,68.03966667,68
2:06,2,Control,1,1.4508,0.225,0.0805,1.1998,0.894,115,1382.460333,257,771,771,100.1096667,100
2:06,2,Control,1,1.5948,0.3157,0.0704,1.2146,0.9224,96,1521.165333,230,902.6666667,903,99.25,99
2:06,2,Control,2,1.4693,0.2168,0.09,1.2164,0.8717,116,1707.879333,306,668.3333333,668,63.41733333,63
2:06,2,Control,3,1.4514,0.2227,0.0916,1.2212,0.9006,111,1575.921667,280,632,632,60.69266667,61
2:06,2,Control,2,1.4506,0.2503,0.0973,1.2915,0.7496,99,1196.627,211,780.6666667,781,77.08933333,77
2:06,2,Control,1,1.6253,0.295,0.0867,1.2949,0.8932,114,1393.418667,240,613.6666667,614,57.22333333,57
2:06,2,Control,1,1.6017,0.3049,0.0875,1.3116,0.871,73,1070.752,191,585.3333333,585,83.18333333,83
2:06,2,Control,1,1.6108,0.3194,0.0961,1.3555,0.8077,101,1109.92,236,286.3333333,286,42.676,43
2:06,2,Control,1,1.6238,0.3087,0.0809,1.4136,0.8669,102,1334.334,218,589,589,67.092,67
2:06,2,Control,2,1.4308,0.2632,0.0805,1.4192,0.8419,135,1483.474333,285,596.3333333,596,65.379,65
2:06,2,Control,3,1.3885,0.2308,0.0737,1.4298,0.8726,105,1312.275333,198,1118,1118,92.89333333,93
2:06,2,Control,2,1.5539,0.3858,0.0801,1.4624,0.7515,63,842.7046667,134,673.3333333,673,62.36766667,62
2:06,2,Control,3,1.44,0.2195,0.0742,1.4685,0.8102,111,1498.154667,259,675.3333333,675,63.489,63
2:06,2,Control,1,1.605,0.3003,0.0976,1.4899,0.8209,70,948.704,180,703.3333333,703,79.17633333,79
2:06,2,Control,3,1.4637,0.2163,0.0942,1.5361,0.8034,137,1602.300667,299,501,501,50.55966667,51
2:06,2,Control,3,1.4095,0.2647,0.0791,1.5774,0.8048,91,1089.839333,199,466.3333333,466,51.613,52
2:06,2,Control,2,1.4902,0.2158,0.1001,1.5775,0.8133,116,1569.846667,279,639,639,81.24066667,81
2:06,2,Control,1,1.4994,0.451,0.0637,1.7197,0.6302,54,738.6426667,120,487,487,50.96366667,51
2:06,2,Control,3,1.383,0.275,0.0517,1.7251,0.7089,71,942.2036667,170,613.6666667,614,53.94466667,54
2:06,2,Control,2,1.6091,0.2981,0.0846,1.7847,0.7956,105,1409.590667,237,861,861,104.3553333,104
2:06,2,Control,2,1.4308,0.2458,0.09,1.8688,0.7971,107,1317.208667,231,1026,1026,121.4233333,121
2:06,2,Control,1,1.4444,0.2587,0.0814,1.9698,0.647,104,1286.459667,248,848,848,102.3583333,102
2:07,2,Control,1,1.5792,0.3457,0.0888,1.1476,0.8649,81,921.349,167,426.3333333,426,51.72033333,52
2:07,2,Control,3,1.5354,0.372,0.0775,1.3036,0.8519,67,947.181,151,954,954,112.2553333,112
2:07,2,Control,3,1.4066,0.2522,0.0775,1.3036,0.8519,103,1252.436,220,1182,1182,134.3243333,134
2:07,2,Control,3,1.4273,0.2185,0.0874,1.349,0.85,91,1300.719333,212,615.6666667,616,71.903,72
2:07,2,Control,1,1.6076,0.31159,0.0847,1.4004,0.8621,117,1384.422333,250,892,892,103.553,104
2:07,2,Control,1,1.442,0.2266,0.0847,1.4004,0.8621,96,1386.760333,219,572.3333333,572,64.11833333,64
2:07,2,Control,2,1.4309,0.2695,0.0679,1.4557,0.7316,65,840.562,154,582.6666667,583,61.958,62
2:07,2,Control,1,1.4746,0.2134,0.085,1.4863,0.8068,82,1134.014333,195,613,613,70.909,71
2:07,2,Control,2,1.5781,0.3907,0.085,1.4863,0.8068,80,1213.274,206,470.6666667,471,59.25233333,59
2:07,2,Control,2,1.4746,0.2134,0.085,1.4863,0.8068,64,766.736,133,818.6666667,819,99.62633333,100
2:07,2,Control,3,1.4278,0.2392,0.0845,1.4866,0.8502,83,1066.413667,182,339.3333333,339,45.47833333,45
2:07,2,Control,2,1.4816,0.2102,0.1121,1.4919,0.8116,104,1018.492,207,894,894,95.02566667,95
2:07,2,Control,2,1.6041,0.3172,0.0887,1.595,0.746,88,1103.179667,187,982,982,99.61466667,100
2:07,2,Control,2,1.4326,0.2428,0.0887,1.595,0.746,73,912.194,162,534.3333333,534,60.27233333,60
2:07,2,Control,1,1.5753,0.4094,0.0783,1.6448,0.765,76,798.8393333,161,404.3333333,404,61.24433333,61
2:07,2,Control,1,1.4318,0.251,0.0922,1.7784,0.8079,107,1501.962,256,1174,1174,140.3536667,140
2:07,2,Control,3,1.5455,0.3921,0.0602,1.7969,0.7489,100,1269.860667,224,998.3333333,998,109.4916667,109
2:07,2,Control,3,1.4241,0.239,0.0602,1.7969,0.7489,123,1593.378333,272,750.3333333,750,75.72966667,76
2:07,2,Control,1,NA,0.245,0.0621,1.8594,0.7265,62,989.409,155,700,700,94.041,94
2:07,2,Control,1,1.4046,0.245,0.0621,1.8594,0.7265,56,680.5493333,127,664,664,65.252,65
2:07,2,Control,3,1.4439,0.2386,0.099,1.8899,0.7768,68,978.125,159,744.6666667,745,84.94566667,85
2:07,2,Control,3,1.5835,0.3769,0.0714,1.9447,0.6038,93,1191.315333,209,1130.666667,1131,93.80466667,94
2:07,2,Control,3,1.4353,0.249,0.0714,1.9447,0.6038,69,938.687,165,1111,1111,99.161,99
2:07,2,Control,2,1.5108,0.4611,0.0618,2.0186,0.7179,52,686.9913333,124,624,624,64.824,65
2:07,2,Control,1,1.5315,0.4366,0.0778,2.228,0.5902,73,929.278,193,876,876,101.4036667,101
2:07,2,Control,2,1.3557,0.3555,0.0412,2.575,0.5382,55,766.358,123,904.3333333,904,106.4706667,106
2:07,2,Control,2,1.3587,0.299,0.0398,3.5073,0.4515,38,495.7473333,88,543,543,61.72633333,62
2:08,2,Control,1,1.5109,0.4494,0.0486,1.1548,0.771,71,898.08,150,817.6666667,818,84.96333333,85
2:08,2,Control,1,1.612,0.3029,0.0926,1.1711,0.9289,66,919.2493333,142,584.3333333,584,71.50033333,72
2:08,2,Control,2,1.4053,0.2582,0.0797,1.1787,0.8825,72,1097.950667,174,754,754,81.31333333,81
2:08,2,Control,1,1.6116,0.3246,0.0949,1.2054,0.9113,80,1043.488,172,717.3333333,717,66.83166667,67
2:08,2,Control,1,1.4574,0.2205,0.0873,1.2162,0.8883,154,1817.04,333,871.3333333,871,112.8533333,113
2:08,2,Control,2,1.6185,0.3252,0.0888,1.2263,0.8918,103,1212.512,225,802.3333333,802,92.89066667,93
2:08,2,Control,3,1.4083,0.2396,0.0655,1.2377,0.8562,133,1769.418,287,845,845,89.96966667,90
2:08,2,Control,3,1.4157,0.2252,0.0911,1.2384,0.9215,77,1017.334667,157,447.3333333,447,54.90766667,55
2:08,2,Control,3,1.4127,0.2405,0.0661,1.2703,0.899,135,1721.693333,287,440.3333333,440,49.43666667,49
2:08,2,Control,3,1.3967,0.3035,0.0618,1.3061,0.7298,81,1053.809333,166,425.3333333,425,56.21766667,56
2:08,2,Control,2,1.6272,0.3788,0.0865,1.3886,0.848,125,1584.864,297,1094,1094,131.9166667,132
2:08,2,Control,1,1.6516,0.2798,0.0968,1.4244,0.8847,94,1404.064,221,677.6666667,678,60.93633333,61
2:08,2,Control,2,1.4451,0.2325,0.0922,1.4456,0.8548,127,1643.3009,271,787.3333333,787,81.509,82
2:08,2,Control,2,1.4873,0.2081,0.1088,1.4509,0.8886,132,1711.310667,304,1095,1095,122.7476667,123
2:08,2,Control,1,1.4257,0.2524,0.0792,1.4814,0.8699,135,1817.786333,314,639.6666667,640,71.35466667,71
2:08,2,Control,1,1.4304,0.2252,0.0813,1.5094,0.8233,107,1404.704667,238,1018.333333,1018,124.5893333,125
2:08,2,Control,3,1.4347,0.2272,0.084,1.5356,0.845,137,1615.071333,286,900,900,90.418,90
2:08,2,Control,1,1.5845,0.3348,0.0824,1.5659,0.7416,74,1065.888,156,692.6666667,693,65.32733333,65
2:08,2,Control,1,1.6076,0.3181,0.0925,1.6042,0.8208,72,1109.168667,164,750,750,73.71733333,74
2:08,2,Control,3,1.5348,0.3987,0.076,1.6201,0.7749,64,933.427,133,831.3333333,831,68.00233333,68
2:08,2,Control,3,1.4396,0.2308,0.0889,1.6249,0.7905,121,1592.873333,274,487.6666667,488,50.13066667,50
2:08,2,Control,3,1.4321,0.2141,0.0961,1.6866,0.8434,94,1265.752667,201,878.6666667,879,91.73166667,92
2:08,2,Control,3,1.4222,0.2255,0.0757,1.7222,0.8214,95,1555.54,225,559.3333333,559,57.935,58
2:08,2,Control,2,1.3984,0.2682,0.0542,1.8186,0.633,88,1085.236667,194,942,942,81.09133333,81
2:08,2,Control,2,1.4337,0.2584,0.079,2.364,0.6957,149,1828.373667,304,1084.333333,1084,108.632,109
2:08,2,Control,2,1.5944,0.3043,0.0858,2.4201,0.6808,100,1246.144,212,1123.666667,1124,116.5773333,117
2:08,2,Control,2,1.4257,0.2465,0.1007,2.9132,0.6502,64,894.4766667,159,609.3333333,609,78.26133333,78
2:09,2,PLX,3,1.4027,0.252,0.086,1.0712,0.8198,45,575.5496667,106,714,714,93.70566667,94
2:09,2,PLX,3,1.5634,0.401,0.0689,1.0781,0.8852,96,1329.981,212,1065.333333,1065,106.2296667,106
2:09,2,PLX,3,1.4265,0.273,0.0689,1.0781,0.8852,58,767.496,134,767,767,86.99266667,87
2:09,2,PLX,2,1.4563,0.2142,0.0829,1.0954,0.8839,95,1286.007333,214,582.3333333,582,67.67333333,68
2:09,2,PLX,3,1.6521,0.3032,0.1067,1.1636,0.9063,87,1188.881667,195,1140.666667,1141,146.1746667,146
2:09,2,PLX,3,1.4899,0.2071,0.1067,1.1636,0.9063,70,1059.074333,160,1025.333333,1025,77.33066667,77
2:09,2,PLX,2,1.4136,0.2549,0.0949,1.2389,0.8352,54,728.7536667,117,1089,1089,94.32833333,94
2:09,2,PLX,1,1.5405,0.3808,0.076,1.3223,0.7472,67,937.221,147,1535,1535,199.9833333,200
2:09,2,PLX,1,1.4027,0.2496,0.076,1.3223,0.7472,60,756.6826667,126,990.3333333,990,94.04766667,94
2:09,2,PLX,2,1.4263,0.4942,0.052,1.3311,0.8033,46,559.2826667,90,374,374,50.04066667,50
2:09,2,PLX,2,1.3571,0.2987,0.052,1.3311,0.8033,85,1193.396667,190,555.3333333,555,51.607,52
2:09,2,PLX,2,1.5587,0.3164,0.0879,1.3632,0.8822,47,711.73,105,791.3333333,791,84.78433333,85
2:09,2,PLX,2,1.4126,0.2495,0.0879,1.3632,0.8822,57,803.5723333,120,506.3333333,506,55.35633333,55
2:09,2,PLX,1,1.5825,0.3552,0.0948,1.4047,0.8421,59,818.537,127,808,808,79.39066667,79
2:09,2,PLX,1,1.408,0.2744,0.0948,1.4047,0.8421,52,587.697,112,1010.333333,1010,82.33866667,82
2:09,2,PLX,3,1.6759,0.2749,0.1005,1.5191,0.8825,156,2028.965,330,683.6666667,684,85.79133333,86
2:09,2,PLX,3,1.4904,0.1994,0.1005,1.5191,0.8825,45,649.2203333,99,938,938,122.6553333,123
2:09,2,PLX,1,1.5595,0.3611,0.0893,1.5555,0.8578,62,785.954,140,700.6666667,701,70.74633333,71
2:09,2,PLX,2,1.4194,0.254,0.0699,1.5673,0.7423,97,1276.582,194,444.3333333,444,59.467,59
2:09,2,PLX,3,1.4135,0.281,0.0491,1.5842,0.8009,74,994.081,183,468.3333333,468,55.80733333,56
2:09,2,PLX,3,1.4136,0.2402,0.0866,1.7181,0.8213,65,831.3736667,136,519.6666667,520,69.29233333,69
2:09,2,PLX,2,1.4249,0.524,0.0381,1.7269,0.7643,70,911.4406667,147,1864.333333,1864,133.7253333,134
2:09,2,PLX,2,1.339,0.325,0.0381,1.7369,0.7643,63,789.844,129,900,900,103.434,103
2:09,2,PLX,1,1.5383,0.3419,0.0848,2.0854,0.7049,52,725.8906667,118,1251,1251,139.9183333,140
2:09,2,PLX,1,1.4001,0.2078,0.0848,2.0854,0.7049,44,591.551,97,869.3333333,869,86.88166667,87
2:09,2,PLX,1,1.5521,0.3453,0.1012,2.1202,0.7614,46,576.0523333,107,907,907,98.35733333,98
2:09,2,PLX,1,1.5449,0.3593,0.0847,2.21126,0.742,74,887.665,162,718,718,82.922,83
2:10,2,PLX,1,1.5472,0.3925,0.0853,1.188,0.8697,73,940.9333333,175,752.3333333,752,76.53433333,77
2:10,2,PLX,1,1.3979,0.2791,0.0853,1.188,0.8697,77,955.5083333,168,1338.666667,1339,153.7143333,154
2:10,2,PLX,1,1.6379,0.3034,0.108,1.1973,0.8846,66,959.024,159,531,531,55.84366667,56
2:10,2,PLX,2,1.3545,0.2512,0.0735,1.2173,0.8672,86,1116.208667,192,747.6666667,748,67.17933333,67
2:10,2,PLX,1,1.6082,0.3399,0.0983,1.2216,0.8633,79,922.1846667,182,631.3333333,631,71.556,72
2:10,2,PLX,3,1.3889,0.2755,0.0758,1.2562,0.8156,97,1156.439333,204,671.3333333,671,83.477,83
2:10,2,PLX,3,1.4098,0.2396,0.0776,1.2569,0.8675,65,853.3403333,149,643.3333333,643,72.12733333,72
2:10,2,PLX,2,1.6013,0.2881,0.0852,1.4814,0.854,51,673.9466667,99,581.6666667,582,62.44866667,62
2:10,2,PLX,2,1.6013,0.2881,0.0852,1.4814,0.854,68,809.5516667,125,936.3333333,936,86.764,87
2:10,2,PLX,2,1.3966,0.2534,0.0852,1.4814,0.854,103,1237.692667,212,840,840,90.378,90
2:10,2,PLX,1,1.5876,0.3355,0.0933,1.4905,0.8586,76,988.0266667,173,1430,1430,163.9693333,164
2:10,2,PLX,1,1.4252,0.2517,0.0933,1.4905,0.8586,84,1048.629,189,929.6666667,930,81.42133333,81
2:10,2,PLX,1,1.6069,0.3119,0.0838,1.5744,0.8555,110,1470.933667,265,1373.333333,1373,129.7736667,130
2:10,2,PLX,1,1.4307,0.2472,0.0838,1.5744,0.8555,80,1092.655333,192,717,717,67.923,68
2:10,2,PLX,2,1.4326,0.2565,0.0895,1.5851,0.7935,110,1249.194,228,514.6666667,515,53.2,53
2:10,2,PLX,2,1.4499,0.2235,0.0832,1.6556,0.7958,116,1579.090667,264,720,720,69.732,70
2:10,2,PLX,3,1.4024,0.2549,0.0739,1.7247,0.8308,58,888.2693333,145,708.6666667,709,78.52766667,79
2:10,2,PLX,1,1.5017,0.6002,0.0584,1.8098,0.6883,97,1199.910333,221,816.6666667,817,82.64633333,83
2:10,2,PLX,3,1.5779,0.3536,0.085,1.9206,0.7613,67,869.842,140,663.3333333,663,80.377,80
2:10,2,PLX,3,1.402,0.245,0.085,1.9206,0.7613,74,891.6903333,147,924.6666667,925,120.215,120
2:10,2,PLX,3,1.3709,0.8364,0.0394,1.9318,0.6545,77,1147.289,169,710.3333333,710,86.643,87
2:10,2,PLX,3,1.3542,0.2932,0.1664,1.9318,0.6545,47,651.524,103,1161,1161,106.4316667,106
2:10,2,PLX,2,1.4479,0.2317,0.0641,1.9658,0.5955,80,1001.661667,166,743,743,69.00166667,69
2:10,2,PLX,2,1.5345,0.335,0.0798,2.0971,0.6568,56,744.5396667,121,658.6666667,659,72.309,72
2:10,2,PLX,2,1.3838,0.2485,0.0798,2.0971,0.6568,90,1139.041,204,600,600,61.49266667,61
2:10,2,PLX,3,1.5125,0.3704,0.0819,2.5297,0.6846,42,755.7476667,90,1027.333333,1027,95.01133333,95
2:10,2,PLX,3,1.3853,0.2415,0.0819,2.5297,0.6846,85,1049.508333,194,1170,1170,102.0266667,102
2:11,2,PLX,2,1.5493,0.3127,0.0689,1.1489,0.8911,67,994.172,136,397.3333333,397,47.82966667,48
2:11,2,PLX,2,1.4072,0.2483,0.0777,1.198,0.8708,48,669.5636667,114,634.6666667,635,70.64333333,71
2:11,2,PLX,3,1.5687,0.3029,0.0807,1.242,0.9,50,665.2726667,104,783.6666667,784,75.203,75
2:11,2,PLX,1,1.4137,0.2928,0.0686,1.2641,0.8139,111,1425.285333,276,589.6666667,590,67.26066667,67
2:11,2,PLX,1,1.5605,0.2857,0.0849,1.2773,0.9054,35,501.8396667,67,582,582,68.21333333,68
2:11,2,PLX,2,1.3733,0.2505,0.075,1.3025,0.895,71,850.4186667,150,676.6666667,677,77.35766667,77
2:11,2,PLX,3,1.4099,0.2318,0.0873,1.3088,0.836,58,805.5883333,130,1017,1017,133.4296667,133
2:11,2,PLX,3,1.4264,0.2256,0.0835,1.3187,0.8656,74,1048.478667,182,864.6666667,865,115.3393333,115
2:11,2,PLX,3,1.3339,0.2526,0.0546,1.3195,0.84,41,452.637,82,681,681,74.16433333,74
2:11,2,PLX,1,1.3939,0.242,0.0778,1.3277,0.849,54,799.997,133,1243,1243,152.224,152
2:11,2,PLX,1,1.5225,0.3588,0.0803,1.365,0.8614,46,678.239,110,504.6666667,505,56.37633333,56
2:11,2,PLX,3,1.4145,0.2227,0.0814,1.4096,0.881,89,1079.040667,181,793,793,75.201,75
2:11,2,PLX,3,1.423,0.1802,0.0762,1.4568,0.8301,62,826.6526667,126,698.6666667,699,74.95133333,75
2:11,2,PLX,1,1.3465,0.2663,0.05,1.4843,0.8326,73,938.7093333,157,773.3333333,773,87.28233333,87
2:11,2,PLX,3,1.4202,0.2473,0.0892,1.4941,0.8315,74,1061.564667,162,516.6666667,517,60.92966667,61
2:11,2,PLX,2,1.4661,0.4492,0.0709,1.5663,0.8431,34,535.3053333,75,635,635,62.61633333,63
2:11,2,PLX,1,1.4029,0.2288,0.0748,1.6344,0.8432,83,1207.294333,194,1054,1054,109.2773333,109
2:11,2,PLX,1,1.5487,0.3734,0.077,1.6542,0.7906,60,1009.111333,146,634.3333333,634,58.63666667,59
2:11,2,PLX,2,1.3896,0.2908,0.0679,1.7292,0.7175,73,999.05,168,770,770,86.66,87
2:11,2,PLX,2,1.383,0.2261,0.0724,1.7364,0.7592,64,943.6713333,145,828.6666667,829,104.7333333,105
2:11,2,PLX,2,1.3887,0.2487,0.0619,1.7909,0.7458,68,875.8473333,152,1121.666667,1122,107.2916667,107
2:11,2,PLX,1,1.4096,0.2578,0.0706,1.901,0.6976,55,837.927,141,866,866,73.04766667,73
2:11,2,PLX,2,1.3713,0.2877,0.0982,1.9144,0.7855,34,499.5873333,96,843.3333333,843,96.949,97
2:11,2,PLX,1,1.5297,0.3174,0.079,1.9293,0.7933,33,523.525,84,415,415,48.296,48
2:11,2,PLX,3,1.3722,0.2317,0.0781,1.9525,0.7454,41,687.523,102,536.3333333,536,56.66266667,57
2:11,2,PLX,3,1.3675,0.2511,0.0742,2.0146,0.6976,47,677.7643333,105,935.3333333,935,88.27666667,88
2:11,2,PLX,2,1.4976,0.3899,0.0724,2.0733,0.7535,56,705.9626667,118,558.6666667,559,69.09033333,69
2:12,2,PLX,3,1.3408,0.253,0.0665,1.0759,0.893,35,630.781,78,706,706,81.237,81
2:12,2,PLX,1,1.3691,0.2703,0.0726,1.1248,0.8856,51,766.568,121,761.6666667,762,85.891,86
2:12,2,PLX,2,1.4072,0.2483,0.0777,1.198,0.8708,94,1169.493667,213,628.3333333,628,62.25833333,62
2:12,2,PLX,1,1.3811,0.2445,0.068,1.2053,0.8828,89,1141.064333,175,714.3333333,714,83.406,83
2:12,2,PLX,1,1.6085,0.3246,0.1009,1.2495,0.8773,76,1016.775,195,874,874,91.47466667,91
2:12,2,PLX,1,1.5724,0.3149,0.0827,1.2994,0.8876,63,979.9543333,179,557,557,61.59366667,62
2:12,2,PLX,1,1.3644,0.258,0.0715,1.3291,0.9146,77,1016.851667,160,897,897,94.368,94
2:12,2,PLX,3,1.3525,0.256,0.0725,1.3592,0.7778,57,798.8013333,118,840.3333333,840,109.9373333,110
2:12,2,PLX,3,1.3325,0.2756,0.0654,1.3824,0.8052,50,678.832,98,920.3333333,920,93.41566667,93
2:12,2,PLX,1,1.3571,0.7664,0.0238,1.4028,0.7045,71,820.7453333,114,791.6666667,792,74.16266667,74
2:12,2,PLX,2,1.3592,0.2421,0.085,1.411,0.7387,43,506.1653333,87,412.3333333,412,64.225,64
2:12,2,PLX,1,1.4304,0.2576,0.1021,1.5341,0.8363,43,678.4866667,114,924.6666667,925,116.076,116
2:12,2,PLX,3,1.4812,0.3875,0.0891,1.5714,0.7995,21,311.1713333,47,436,436,58.697,59
2:12,2,PLX,2,1.3755,0.2536,0.0713,1.6051,0.7902,68,965.398,150,676.6666667,677,85.991,86
2:12,2,PLX,2,1.4795,0.4745,0.06,1.6671,0.6762,77,837.5376667,155,880.6666667,881,94.34733333,94
2:12,2,PLX,3,1.4676,0.3697,0.0835,1.7072,0.7616,23,374.4363333,56,782.6666667,783,85.97866667,86
2:12,2,PLX,3,1.3937,0.2478,0.0829,1.7112,0.7555,58,789.4963333,117,1075.666667,1076,117.6503333,118
2:12,2,PLX,2,1.4934,0.4413,0.0502,1.7193,0.7429,88,1141.116,215,559.3333333,559,62.19233333,62
2:12,2,PLX,2,1.3896,0.2908,0.0679,1.7292,0.7175,65,858.1703333,151,821.6666667,822,78.478,78
2:12,2,PLX,2,1.3887,0.2487,0.0619,1.7909,0.7458,68,842.0633333,137,649.3333333,649,74.19,74
2:12,2,PLX,3,1.3339,0.2704,0.0494,1.8132,0.7545,47,658.0273333,87,845.3333333,845,95.89833333,96
2:12,2,PLX,1,1.3791,0.2493,0.0731,1.8189,0.7842,90,1334.673667,202,1627,1627,143.6903333,144
2:12,2,PLX,2,1.5757,0.3193,0.0858,2.135,0.7558,64,1106.148,159,978.6666667,979,117.388,117
2:12,2,PLX,1,1.4116,0.2336,0.0708,2.1626,0.6536,104,1390.414333,220,928.3333333,928,90.26,90
2:12,2,PLX,2,1.5099,0.3201,0.0823,2.2099,0.6894,39,559.2003333,94,823.6666667,824,76.297,76
2:12,2,PLX,3,1.2615,0.2824,0.0331,2.4291,0.5647,16,255.7203333,34,938,938,105.1076667,105
2:12,2,PLX,3,1.3398,0.2671,0.062,2.4689,0.6396,52,686.05,104,490.6666667,491,53.32933333,53
2:13,2,PLX,3,1.5865,0.3462,0.0911,1.1243,0.8513,98,1083.743,203,461.3333333,461,59.155,59
2:13,2,PLX,3,1.4449,0.2341,0.0911,1.1243,0.8513,52,736.31383,113,1135.333333,1135,126.5946667,127
2:13,2,PLX,1,1.5726,0.3312,0.0796,1.1779,0.774,83,1086.708667,188,786.6666667,787,66.82766667,67
2:13,2,PLX,1,1.4306,0.2198,0.0796,1.1779,0.774,88,1054.471667,192,555,555,54.76966667,55
2:13,2,PLX,2,1.6002,0.3272,0.0883,1.1987,0.8754,94,1191.954333,212,526.3333333,526,61.964,62
2:13,2,PLX,2,1.4219,0.2478,0.0883,1.1987,0.8754,64,795.1826667,130,697.6666667,698,84.28466667,84
2:13,2,PLX,1,1.5365,0.3928,0.066,1.2051,0.8756,92,1114.724667,196,1200.666667,1201,128.5243333,129
2:13,2,PLX,1,1.4015,0.285,0.066,1.2051,0.8756,88,1080.937333,196,581.6666667,582,64.51533333,65
2:13,2,PLX,3,1.4024,0.2596,0.0944,1.2161,0.8585,50,642.838,114,1236.333333,1236,130.4756667,130
2:13,2,PLX,3,1.5554,0.3884,0.0819,1.2585,0.8319,101,1278.696,238,509,509,57.246,57
2:13,2,PLX,3,1.4331,0.2423,0.0819,1.2585,0.8319,41,653.507393,101,617.3333333,617,67.54833333,68
2:13,2,PLX,2,1.4674,0.2047,0.0963,1.2597,0.8667,104,1351.830333,231,712.3333333,712,95.915,96
2:13,2,PLX,2,1.5776,0.3085,0.0974,1.3129,0.893,62,684.0943333,121,555.3333333,555,62.10566667,62
2:13,2,PLX,2,1.4094,0.2476,0.0974,1.3129,0.893,90,1220.547333,194,1185.666667,1186,122.0503333,122
2:13,2,PLX,1,1.4398,0.2362,0.0968,1.4379,0.8058,80,910.0166667,175,682.3333333,682,66.3,66
2:13,2,PLX,1,1.4042,0.2448,0.0883,1.5288,0.8483,68,801.9736667,145,628.3333333,628,58.09733333,58
2:13,2,PLX,3,1.4542,0.7063,0.0561,1.5981,0.7297,96,1292.987333,230,1051,1051,141.1296667,141
2:13,2,PLX,3,1.44,0.2519,0.0561,1.5981,0.7297,42,527.201661,84,787,787,75.44666667,75
2:13,2,PLX,2,1.4509,0.2382,0.0581,1.6885,0.7113,118,1550.154333,288,886.3333333,886,71.67566667,72
2:13,2,PLX,2,1.5679,0.3381,0.0725,1.718,0.8189,133,1652.249,292,545.3333333,545,63.46533333,63
2:13,2,PLX,2,1.4117,0.2274,0.0725,1.718,0.8189,72,911.6663333,148,706.6666667,707,72.50866667,73
2:13,2,PLX,1,1.5447,0.476,0.0654,1.8403,0.6903,68,924.4046667,181,547.6666667,548,66.71633333,67
2:13,2,PLX,3,1.2911,0.3883,0.0351,1.9612,0.543,32,485.226,83,1422,1422,128.4893333,128
2:13,2,PLX,2,1.449,0.226,0.1026,2.1523,0.7293,114,1452.219333,252,670.6666667,671,63.252,63
2:13,2,PLX,1,1.5363,0.3266,0.0871,2.5022,0.6817,58,688.783,122,852,852,84.04933333,84
2:13,2,PLX,1,1.3832,0.2585,0.0871,2.5022,0.6817,91,1103.856333,212,934,934,79.87233333,80
2:13,2,PLX,3,1.409,0.3044,0.053,2.5762,0.5702,98,1067.473,215,782.6666667,783,79.55933333,80
2:14,2,PLX,3,1.3617,0.2206,0.0755,1.1535,0.8794,38,938.6133333,86,744,744,71.414,71
2:14,2,PLX,2,1.3545,0.2794,0.0538,1.1681,0.8712,77,1100.09,169,1391,1391,131.003,131
2:14,2,PLX,3,1.4288,0.2185,0.858,1.1834,0.8949,110,1468.646667,228,1317.333333,1317,110.6976667,111
2:14,2,PLX,3,1.376,0.2297,0.0711,1.2006,0.889,73,1043.523667,164,958.3333333,958,96.057,96
2:14,2,PLX,1,1.3835,0.2744,0.0473,1.2069,0.8071,69,852.7183333,148,662.6666667,663,66.38733333,66
2:14,2,PLX,2,1.5502,0.3433,0.0762,1.2212,0.8637,62,921.8776667,148,566.3333333,566,77.306,77
2:14,2,PLX,2,1.6132,0.3142,0.0954,1.2887,0.8956,89,1128.433,194,530.6666667,531,68.82066667,69
2:14,2,PLX,2,1.3598,0.2808,0.0508,1.2975,0.8133,73,980.4076667,150,864,864,93.39366667,93
2:14,2,PLX,1,1.4638,0.2102,0.0979,1.3139,0.8765,71,1011.465667,175,1266.333333,1266,126.5456667,127
2:14,2,PLX,1,1.4106,0.2176,0.0752,1.3509,0.8896,67,956.4736667,146,824,824,102.881,103
2:14,2,PLX,1,1.4281,0.2357,0.0881,1.3655,0.853,84,1143.721333,197,1028.333333,1028,112.3,112
2:14,2,PLX,2,1.4774,0.3714,0.0808,1.4044,0.8294,31,429.0073333,65,853,853,83.266,83
2:14,2,PLX,2,1.4172,0.2706,0.0742,1.4301,0.89,102,1334.050667,229,1063,1063,125.044,125
2:14,2,PLX,2,1.3696,0.2935,0.0636,1.4459,0.7906,56,792.5936667,128,856.6666667,857,92.21766667,92
2:14,2,PLX,3,1.2808,0.3283,0.0427,1.4757,0.7751,48,629.727,95,614.6666667,615,71.97,72
2:14,2,PLX,1,1.6529,0.2694,0.0925,1.5419,0.8628,68,1046.706,149,541,541,73.56233333,74
2:14,2,PLX,1,1.5439,0.3729,0.074,1.7133,0.7334,54,759.283,120,490.3333333,490,59.48633333,59
2:14,2,PLX,1,1.3851,0.2507,0.0592,1.7993,0.7079,72,1096.202333,184,701,701,79.68866667,80
2:14,2,PLX,3,1.4164,0.2361,0.0803,1.8662,0.8148,88,1068.226333,178,951.6666667,952,101.426,101
2:14,2,PLX,3,1.331,0.2775,0.0685,1.9268,0.7243,47,648.4066667,100,1050.666667,1051,93.97833333,94
2:14,2,PLX,3,1.36,0.2696,0.0584,2.0332,0.7127,57,689.9256667,109,1009,1009,122.312,122
2:14,2,PLX,1,1.4221,0.2463,0.0968,2.1486,0.765,92,1051.860667,213,627.6666667,628,75.96833333,76
2:14,2,PLX,2,1.4221,0.2463,0.0968,2.1486,0.765,113,1381.127333,226,1281.333333,1281,119.6896667,120
2:14,2,PLX,3,1.2111,0.1912,0.0795,2.1869,0.7204,10,164.2433333,19,1319.333333,1319,117.0563333,117
2:14,2,PLX,1,1.4669,0.4473,0.0587,2.2155,0.6,81,979.1243333,159,650.6666667,651,66.76033333,67
2:14,2,PLX,2,1.4851,0.4158,0.0878,2.5481,0.6703,47,580.3153333,100,603,603,70.22933333,70
2:14,2,PLX,3,1.3677,0.2428,0.0735,2.681,0.6288,65,710.2706667,131,800.3333333,800,86.93,87
2:15,2,PLX,2,1.4561,0.2569,0.0963,1.1144,0.9043,124,1543.423333,297,461.6666667,462,60.381,60
2:15,2,PLX,2,1.5536,0.3609,0.0872,1.2356,0.8561,67,859.414,139,914.6666667,915,95.451,95
2:15,2,PLX,2,1.4016,0.2697,0.0872,1.2356,0.8561,87,1279.788,212,640,640,70.943,71
2:15,2,PLX,3,1.4741,0.4731,0.0766,1.271,0.7956,52,568.6963333,108,779.6666667,780,78.72966667,79
2:15,2,PLX,3,1.3944,0.2531,0.0766,1.271,0.7956,53,621.3231057,119,424.6666667,425,52.52333333,53
2:15,2,PLX,2,1.4882,0.2221,0.0991,1.3125,0.895,188,2272.87,437,650.6666667,651,80.13933333,80
2:15,2,PLX,3,1.586,0.3212,0.1025,1.3949,0.8836,51,686.013,106,1240.333333,1240,115.0103333,115
2:15,2,PLX,3,1.4266,0.2338,0.1025,1.3949,0.8836,49,646.0851717,105,825,825,78.99566667,79
2:15,2,PLX,1,1.3959,0.2692,0.0876,1.4061,0.895,62,744.592,126,705.3333333,705,72.76466667,73
2:15,2,PLX,2,1.5223,0.3762,0.0816,1.4103,0.771,58,697.923,105,762,762,82.30833333,82
2:15,2,PLX,2,1.3823,0.2538,0.0816,1.4103,0.771,89,1318.044667,225,586.6666667,587,75.104,75
2:15,2,PLX,1,1.361,0.283,0.0625,1.4778,0.7168,55,602.6683333,116,589,589,64.03766667,64
2:15,2,PLX,2,1.476,0.2321,0.0774,1.4823,0.8159,147,1908.686333,342,682.6666667,683,69.05266667,69
2:15,2,PLX,1,1.4493,0.512,0.0508,1.5319,0.8185,69,888.308,157,1087.666667,1088,94.15266667,94
2:15,2,PLX,3,1.3734,0.3418,0.044,1.5442,0.7201,94,982.9013333,213,1077,1077,133.561,134
2:15,2,PLX,1,1.611,0.3301,0.0929,1.5581,0.8189,94,1247.322,221,804.6666667,805,83.246,83
2:15,2,PLX,1,1.4306,0.2573,0.0929,1.5581,0.8189,99,1203.341333,221,942.3333333,942,98.416,98
2:15,2,PLX,1,1.3892,0.2661,0.0766,1.6905,0.7517,84,1056.393333,194,759,759,84.87366667,85
2:15,2,PLX,1,1.3435,0.2939,0.0618,1.7266,0.837,100,1409.146667,245,649.6666667,650,71.802,72
2:15,2,PLX,2,1.4893,0.399,0.0618,1.7266,0.837,45,567.3573333,98,841,841,91.63066667,92
2:15,2,PLX,2,1.3435,0.2939,0.0618,1.7266,0.837,157,2147.264333,354,552.6666667,553,69.69,70
2:15,2,PLX,1,1.5516,0.3268,0.0827,1.7422,0.8305,58,732.1946667,129,708.6666667,709,75.83533333,76
2:15,2,PLX,3,1.3974,0.3114,0.044,1.9386,0.6686,85,892.0156667,192,668.3333333,668,83.565,84
2:15,2,PLX,1,1.3653,0.2832,0.0565,2.2178,0.6025,49,637.4396667,112,756.3333333,756,75.8,76
2:15,2,PLX,3,1.4228,0.3049,0.0681,2.4404,0.5435,99,1113.416667,227,1143,1143,135.8046667,136
2:15,2,PLX,3,1.5625,0.3666,0.104,2.9787,0.6035,65,887.4546667,153,901,901,89.477,89
2:15,2,PLX,3,1.4298,0.2347,0.104,2.9787,0.6035,78,991.4744023,187,669.3333333,669,87.80466667,88
2:16,2,PLX,3,1.3737,0.2366,0.0608,1.0791,0.7566,71,888.7803333,142,860.6666667,861,113.5263333,114
2:16,2,PLX,1,1.411,0.2465,0.0743,1.1128,0.8431,76,1218.234,211,1081.666667,1082,115.756,116
2:16,2,PLX,3,1.3524,0.2618,0.0515,1.1141,0.8185,70,936.882,147,1082,1082,109.447,109
2:16,2,PLX,3,1.3493,0.28,0.0372,1.1471,0.8095,57,851.964,126,2118,2118,216.6643333,217
2:16,2,PLX,1,1.3964,0.2361,0.0805,1.1525,0.9099,60,878.0253333,142,1386.333333,1386,146.1023333,146
2:16,2,PLX,2,1.3909,0.2586,0.0708,1.1576,0.8193,59,821.4366667,133,1352.333333,1352,120.1226667,120
2:16,2,PLX,1,1.5008,0.4099,0.052,1.2085,0.8966,77,1155.108667,176,1367.333333,1367,136.568,137
2:16,2,PLX,1,1.3605,0.2685,0.06011,1.2392,0.8521,118,1349.949333,261,838,838,90.55233333,91
2:16,2,PLX,2,1.3605,0.2685,0.0611,1.2392,0.8521,53,668.493,114,851.3333333,851,102.2233333,102
2:16,2,PLX,2,1.5846,0.3113,0.0887,1.2577,0.8832,62,811.8813333,143,1469.333333,1469,128.528,129
2:16,2,PLX,2,1.43,0.2362,0.0885,1.2842,0.8894,78,1112.209333,179,1171,1171,112.922,113
2:16,2,PLX,3,1.5299,0.3352,0.0806,1.3351,0.8123,67,900.9873333,159,1442.333333,1442,153.5073333,154
2:16,2,PLX,3,1.3972,0.187,0.0721,1.368,0.8774,37,567.1663333,72,800,800,85.23966667,85
2:16,2,PLX,2,1.415,0.2517,0.0952,1.3951,0.8514,71,927.4503333,161,1141.666667,1142,103.5016667,104
2:16,2,PLX,3,1.3647,0.2226,0.0726,1.4197,0.8245,33,541.8296667,75,586,586,79.92233333,80
2:16,2,PLX,1,1.4237,0.2138,0.0794,1.4427,0.8655,86,1285.971,211,1288.333333,1288,128.119,128
2:16,2,PLX,2,1.4237,0.2138,0.0794,1.4427,0.8655,154,2064.555667,359,954.6666667,955,82.41033333,82
2:16,2,PLX,3,1.3582,0.2539,0.068,1.489,0.7694,68,972.5306667,141,1472,1472,144.559,145
2:16,2,PLX,2,1.3599,0.2603,0.0512,1.6335,0.7319,72,905.5256667,139,1162,1162,119.9506667,120
2:16,2,PLX,1,1.5001,0.4743,0.0503,1.645,0.7679,71,1115.578667,172,1078.666667,1079,95.89466667,96
2:16,2,PLX,1,1.5025,0.4186,0.0736,1.6486,0.8337,43,598.648,86,1831.666667,1832,166.5746667,167
2:16,2,PLX,2,1.3585,0.2324,0.0478,1.6637,0.7355,60,787.7473333,128,1783,1783,184.327,184
2:16,2,PLX,3,1.3973,0.2483,0.0929,1.7204,0.7787,77,942.6913333,156,925,925,85.35633333,85
2:16,2,PLX,1,1.5711,0.3446,0.0806,1.7264,0.8352,56,868.8966667,149,1453.333333,1453,143.064,143
2:16,2,PLX,3,1.3732,0.2453,0.0773,1.8526,0.8052,64,869.838,135,763.3333333,763,83.39133333,83
2:16,2,PLX,1,1.5328,0.3285,0.0867,1.9002,0.7793,37,581.467,84,1475.333333,1475,130.889,131
2:16,2,PLX,2,1.3329,0.3187,0.0349,2.2571,0.6791,65,712.5536667,122,1051.666667,1052,114.5986667,115
